timestamp_utc,event_id,event_url,sold_tickets,total_available,sectors_json,success,notes
2025-08-26 12:17:28,9045,https://bilety.wislakrakow.com/Stadium/Index?eventId=9045,14405,,[],True,sold from homepage
2025-08-26 12:33:54,9045,https://bilety.wislakrakow.com/Stadium/Index?eventId=9045,14495,,[],True,sold from homepage
2025-08-26 12:40:59,9045,https://bilety.wislakrakow.com/Stadium/Index?eventId=9045,14552,,[],True,sold from homepage
2025-08-26 12:46:21,9045,https://bilety.wislakrakow.com/Stadium/Index?eventId=9045,14578,,[],True,sold from homepage
2025-08-26 13:08:57,9045,https://bilety.wislakrakow.com/Stadium/Index?eventId=9045,14722,,[],True,sold from homepage
2025-08-26 13:15:16,9045,https://bilety.wislakrakow.com/Stadium/Index?eventId=9045,14790,,[],True,sold from homepage
2025-08-26 13:23:45,9045,https://bilety.wislakrakow.com/Stadium/Index?eventId=9045,14837,,[],True,sold from homepage
2025-08-26 13:41:12,9045,https://bilety.wislakrakow.com/Stadium/Index?eventId=9045,14943,,[],True,sold from homepage
2025-08-26 13:51:05,9045,https://bilety.wislakrakow.com/Stadium/Index?eventId=9045,14979,,[],True,sold from homepage
2025-08-26 14:46:14,9045,https://bilety.wislakrakow.com/Stadium/Index?eventId=9045,15218,,[],True,sold from homepage
2025-08-26 15:24:18,9045,https://bilety.wislakrakow.com/Stadium/Index?eventId=9045,15435,,[],True,sold from homepage
2025-08-26 15:50:10,9045,https://bilety.wislakrakow.com/Stadium/Index?eventId=9045,15573,,[],True,sold from homepage
2025-08-26 16:02:39,9045,https://bilety.wislakrakow.com/Stadium/Index?eventId=9045,15653,,[],True,sold from homepage
2025-08-26 16:28:59,9045,https://bilety.wislakrakow.com/Stadium/Index?eventId=9045,15779,,[],True,sold from homepage
2025-08-26 16:52:30,9045,https://bilety.wislakrakow.com/Stadium/Index?eventId=9045,15912,,[],True,sold from homepage
2025-08-26 16:57:52,9045,https://bilety.wislakrakow.com/Stadium/Index?eventId=9045,15956,,[],True,sold from homepage
2025-08-26 17:25:36,9045,https://bilety.wislakrakow.com/Stadium/Index?eventId=9045,16101,,[],True,sold from homepage
2025-08-26 17:43:08,9045,https://bilety.wislakrakow.com/Stadium/Index?eventId=9045,16199,,[],True,sold from homepage
2025-08-26 17:56:37,9045,https://bilety.wislakrakow.com/Stadium/Index?eventId=9045,16285,,[],True,sold from homepage
2025-08-26 18:29:10,9045,https://bilety.wislakrakow.com/Stadium/Index?eventId=9045,16507,,[],True,sold from homepage
2025-08-26 18:50:35,9045,https://bilety.wislakrakow.com/Stadium/Index?eventId=9045,16647,,[],True,sold from homepage
2025-08-26 19:00:56,9045,https://bilety.wislakrakow.com/Stadium/Index?eventId=9045,16711,,[],True,sold from homepage
2025-08-26 19:25:22,9045,https://bilety.wislakrakow.com/Stadium/Index?eventId=9045,16851,,[],True,sold from homepage
2025-08-26 19:41:36,9045,https://bilety.wislakrakow.com/Stadium/Index?eventId=9045,16966,,[],True,sold from homepage
2025-08-26 19:58:43,9045,https://bilety.wislakrakow.com/Stadium/Index?eventId=9045,17080,,[],True,sold from homepage
2025-08-26 20:35:04,9045,https://bilety.wislakrakow.com/Stadium/Index?eventId=9045,17309,,[],True,sold from homepage
2025-08-26 20:52:49,9045,https://bilety.wislakrakow.com/Stadium/Index?eventId=9045,17427,,[],True,sold from homepage
2025-08-26 21:18:00,9045,https://bilety.wislakrakow.com/Stadium/Index?eventId=9045,17706,,[],True,sold from homepage
2025-08-26 21:28:27,9045,https://bilety.wislakrakow.com/Stadium/Index?eventId=9045,17775,,[],True,sold from homepage
2025-08-26 21:41:30,9045,https://bilety.wislakrakow.com/Stadium/Index?eventId=9045,17903,,[],True,sold from homepage
2025-08-26 21:58:28,9045,https://bilety.wislakrakow.com/Stadium/Index?eventId=9045,18017,,[],True,sold from homepage
2025-08-26 22:26:03,9045,https://bilety.wislakrakow.com/Stadium/Index?eventId=9045,18201,,[],True,sold from homepage
2025-08-26 22:41:37,9045,https://bilety.wislakrakow.com/Stadium/Index?eventId=9045,18305,,[],True,sold from homepage
2025-08-26 22:57:51,9045,https://bilety.wislakrakow.com/Stadium/Index?eventId=9045,18401,,[],True,sold from homepage
2025-08-26 23:21:21,9045,https://bilety.wislakrakow.com/Stadium/Index?eventId=9045,18470,,[],True,sold from homepage
2025-08-26 23:38:47,9045,https://bilety.wislakrakow.com/Stadium/Index?eventId=9045,18519,,[],True,sold from homepage
2025-08-26 23:50:08,9045,https://bilety.wislakrakow.com/Stadium/Index?eventId=9045,18526,,[],True,sold from homepage
2025-08-27 00:08:09,9045,https://bilety.wislakrakow.com/Stadium/Index?eventId=9045,18541,,[],True,sold from homepage
2025-08-27 00:32:33,9045,https://bilety.wislakrakow.com/Stadium/Index?eventId=9045,18560,,[],True,sold from homepage
2025-08-27 00:48:23,9045,https://bilety.wislakrakow.com/Stadium/Index?eventId=9045,18585,,[],True,sold from homepage
2025-08-27 00:58:00,9045,https://bilety.wislakrakow.com/Stadium/Index?eventId=9045,18594,,[],True,sold from homepage
2025-08-27 01:23:53,9045,https://bilety.wislakrakow.com/Stadium/Index?eventId=9045,18600,,[],True,sold from homepage
2025-08-27 01:38:48,9045,https://bilety.wislakrakow.com/Stadium/Index?eventId=9045,18610,,[],True,sold from homepage
2025-08-27 01:51:05,9045,https://bilety.wislakrakow.com/Stadium/Index?eventId=9045,18611,,[],True,sold from homepage
2025-08-27 02:39:41,9045,https://bilety.wislakrakow.com/Stadium/Index?eventId=9045,18616,,[],True,sold from homepage
2025-08-27 04:18:09,9045,https://bilety.wislakrakow.com/Stadium/Index?eventId=9045,18623,,[],True,sold from homepage
2025-08-27 05:13:05,9045,https://bilety.wislakrakow.com/Stadium/Index?eventId=9045,18631,,[],True,sold from homepage
2025-08-27 05:45:35,9045,https://bilety.wislakrakow.com/Stadium/Index?eventId=9045,18635,,[],True,sold from homepage
2025-08-27 05:58:05,9045,https://bilety.wislakrakow.com/Stadium/Index?eventId=9045,18643,,[],True,sold from homepage
2025-08-27 06:29:08,9045,https://bilety.wislakrakow.com/Stadium/Index?eventId=9045,18658,,[],True,sold from homepage
2025-08-27 06:46:55,9045,https://bilety.wislakrakow.com/Stadium/Index?eventId=9045,18670,,[],True,sold from homepage
2025-08-27 06:57:15,9045,https://bilety.wislakrakow.com/Stadium/Index?eventId=9045,18678,,[],True,sold from homepage
2025-08-27 07:23:26,9045,https://bilety.wislakrakow.com/Stadium/Index?eventId=9045,18694,,[],True,sold from homepage
2025-08-27 07:42:23,9045,https://bilety.wislakrakow.com/Stadium/Index?eventId=9045,18726,,[],True,sold from homepage
2025-08-27 07:56:41,9045,https://bilety.wislakrakow.com/Stadium/Index?eventId=9045,18774,,[],True,sold from homepage
2025-08-27 08:35:30,9045,https://bilety.wislakrakow.com/Stadium/Index?eventId=9045,18855,,[],True,sold from homepage
2025-08-27 08:52:37,9045,https://bilety.wislakrakow.com/Stadium/Index?eventId=9045,18917,,[],True,sold from homepage
2025-08-27 09:19:59,9045,https://bilety.wislakrakow.com/Stadium/Index?eventId=9045,18976,,[],True,sold from homepage
2025-08-27 09:33:35,9045,https://bilety.wislakrakow.com/Stadium/Index?eventId=9045,19008,,[],True,sold from homepage
2025-08-27 09:47:50,9045,https://bilety.wislakrakow.com/Stadium/Index?eventId=9045,19050,,[],True,sold from homepage
2025-08-27 09:58:51,9045,https://bilety.wislakrakow.com/Stadium/Index?eventId=9045,19099,,[],True,sold from homepage
2025-08-27 10:35:06,9045,https://bilety.wislakrakow.com/Stadium/Index?eventId=9045,19302,,[],True,sold from homepage
2025-08-27 10:53:22,9045,https://bilety.wislakrakow.com/Stadium/Index?eventId=9045,19379,,[],True,sold from homepage
2025-08-27 11:22:26,9045,https://bilety.wislakrakow.com/Stadium/Index?eventId=9045,19536,,[],True,sold from homepage
2025-08-27 11:42:48,9045,https://bilety.wislakrakow.com/Stadium/Index?eventId=9045,19601,,[],True,sold from homepage
2025-08-27 11:57:22,9045,https://bilety.wislakrakow.com/Stadium/Index?eventId=9045,19661,,[],True,sold from homepage
2025-08-27 12:26:04,9045,https://bilety.wislakrakow.com/Stadium/Index?eventId=9045,19786,,[],True,sold from homepage
2025-08-27 12:44:02,9045,https://bilety.wislakrakow.com/Stadium/Index?eventId=9045,19854,,[],True,sold from homepage
2025-08-27 12:56:51,9045,https://bilety.wislakrakow.com/Stadium/Index?eventId=9045,19919,,[],True,sold from homepage
2025-08-27 13:20:21,9045,https://bilety.wislakrakow.com/Stadium/Index?eventId=9045,19996,,[],True,sold from homepage
2025-08-27 13:31:40,9045,https://bilety.wislakrakow.com/Stadium/Index?eventId=9045,20045,,[],True,sold from homepage
2025-08-27 13:41:49,9045,https://bilety.wislakrakow.com/Stadium/Index?eventId=9045,20096,,[],True,sold from homepage
2025-08-27 13:58:01,9045,https://bilety.wislakrakow.com/Stadium/Index?eventId=9045,20207,,[],True,sold from homepage
2025-08-27 14:50:08,9045,https://bilety.wislakrakow.com/Stadium/Index?eventId=9045,20465,,[],True,sold from homepage
2025-08-27 15:21:34,9045,https://bilety.wislakrakow.com/Stadium/Index?eventId=9045,20568,,[],True,sold from homepage
2025-08-27 15:42:28,9045,https://bilety.wislakrakow.com/Stadium/Index?eventId=9045,20639,,[],True,sold from homepage
2025-08-27 15:57:50,9045,https://bilety.wislakrakow.com/Stadium/Index?eventId=9045,20684,,[],True,sold from homepage
2025-08-27 16:22:24,9045,https://bilety.wislakrakow.com/Stadium/Index?eventId=9045,20737,,[],True,sold from homepage
2025-08-27 16:44:44,9045,https://bilety.wislakrakow.com/Stadium/Index?eventId=9045,20812,,[],True,sold from homepage
2025-08-27 16:58:04,9045,https://bilety.wislakrakow.com/Stadium/Index?eventId=9045,21088,,[],True,sold from homepage
2025-08-27 17:26:08,9045,https://bilety.wislakrakow.com/Stadium/Index?eventId=9045,21211,,[],True,sold from homepage
2025-08-27 17:43:02,9045,https://bilety.wislakrakow.com/Stadium/Index?eventId=9045,21282,,[],True,sold from homepage
2025-08-27 17:57:46,9045,https://bilety.wislakrakow.com/Stadium/Index?eventId=9045,21346,,[],True,sold from homepage
2025-08-27 18:30:15,9045,https://bilety.wislakrakow.com/Stadium/Index?eventId=9045,21449,,[],True,sold from homepage
2025-08-27 18:49:27,9045,https://bilety.wislakrakow.com/Stadium/Index?eventId=9045,21512,,[],True,sold from homepage
2025-08-27 19:02:10,9045,https://bilety.wislakrakow.com/Stadium/Index?eventId=9045,21549,,[],True,sold from homepage
2025-08-27 19:25:46,9045,https://bilety.wislakrakow.com/Stadium/Index?eventId=9045,21634,,[],True,sold from homepage
2025-08-27 19:42:39,9045,https://bilety.wislakrakow.com/Stadium/Index?eventId=9045,21684,,[],True,sold from homepage
2025-08-27 19:57:09,9045,https://bilety.wislakrakow.com/Stadium/Index?eventId=9045,21722,,[],True,sold from homepage
2025-08-27 20:33:13,9045,https://bilety.wislakrakow.com/Stadium/Index?eventId=9045,21866,,[],True,sold from homepage
2025-08-27 20:52:42,9045,https://bilety.wislakrakow.com/Stadium/Index?eventId=9045,21950,,[],True,sold from homepage
2025-08-27 21:18:24,9045,https://bilety.wislakrakow.com/Stadium/Index?eventId=9045,22052,,[],True,sold from homepage
2025-08-27 21:28:58,9045,https://bilety.wislakrakow.com/Stadium/Index?eventId=9045,22106,,[],True,sold from homepage
2025-08-27 21:41:16,9045,https://bilety.wislakrakow.com/Stadium/Index?eventId=9045,22146,,[],True,sold from homepage
2025-08-27 21:57:14,9045,https://bilety.wislakrakow.com/Stadium/Index?eventId=9045,22194,,[],True,sold from homepage
2025-08-27 22:26:50,9045,https://bilety.wislakrakow.com/Stadium/Index?eventId=9045,22299,,[],True,sold from homepage
2025-08-27 22:43:31,9045,https://bilety.wislakrakow.com/Stadium/Index?eventId=9045,22355,,[],True,sold from homepage
2025-08-27 22:57:06,9045,https://bilety.wislakrakow.com/Stadium/Index?eventId=9045,22383,,[],True,sold from homepage
2025-08-27 23:21:39,9045,https://bilety.wislakrakow.com/Stadium/Index?eventId=9045,22399,,[],True,sold from homepage
2025-08-27 23:39:29,9045,https://bilety.wislakrakow.com/Stadium/Index?eventId=9045,22420,,[],True,sold from homepage
2025-08-27 23:50:53,9045,https://bilety.wislakrakow.com/Stadium/Index?eventId=9045,22422,,[],True,sold from homepage
2025-08-28 00:02:20,9045,https://bilety.wislakrakow.com/Stadium/Index?eventId=9045,22433,,[],True,sold from homepage
2025-08-28 00:30:54,9045,https://bilety.wislakrakow.com/Stadium/Index?eventId=9045,22452,,[],True,sold from homepage
2025-08-28 00:45:10,9045,https://bilety.wislakrakow.com/Stadium/Index?eventId=9045,22459,,[],True,sold from homepage
2025-08-28 00:56:31,9045,https://bilety.wislakrakow.com/Stadium/Index?eventId=9045,22460,,[],True,sold from homepage
2025-08-28 01:20:15,9045,https://bilety.wislakrakow.com/Stadium/Index?eventId=9045,22465,,[],True,sold from homepage
2025-08-28 01:32:14,9045,https://bilety.wislakrakow.com/Stadium/Index?eventId=9045,22467,,[],True,sold from homepage
2025-08-28 01:46:39,9045,https://bilety.wislakrakow.com/Stadium/Index?eventId=9045,22467,,[],True,sold from homepage
2025-08-28 01:57:31,9045,https://bilety.wislakrakow.com/Stadium/Index?eventId=9045,22468,,[],True,sold from homepage
2025-08-28 03:57:01,9045,https://bilety.wislakrakow.com/Stadium/Index?eventId=9045,22474,,[],True,sold from homepage
2025-08-28 05:04:19,9045,https://bilety.wislakrakow.com/Stadium/Index?eventId=9045,22475,,[],True,sold from homepage
2025-08-28 05:41:24,9045,https://bilety.wislakrakow.com/Stadium/Index?eventId=9045,22475,,[],True,sold from homepage
2025-08-28 05:57:18,9045,https://bilety.wislakrakow.com/Stadium/Index?eventId=9045,22475,,[],True,sold from homepage
2025-08-28 06:28:45,9045,https://bilety.wislakrakow.com/Stadium/Index?eventId=9045,22481,,[],True,sold from homepage
2025-08-28 06:45:44,9045,https://bilety.wislakrakow.com/Stadium/Index?eventId=9045,22483,,[],True,sold from homepage
2025-08-28 06:56:45,9045,https://bilety.wislakrakow.com/Stadium/Index?eventId=9045,22491,,[],True,sold from homepage
2025-08-28 07:23:48,9045,https://bilety.wislakrakow.com/Stadium/Index?eventId=9045,22517,,[],True,sold from homepage
2025-08-28 07:43:02,9045,https://bilety.wislakrakow.com/Stadium/Index?eventId=9045,22542,,[],True,sold from homepage
2025-08-28 08:00:27,9045,https://bilety.wislakrakow.com/Stadium/Index?eventId=9045,22553,,[],True,sold from homepage
2025-08-28 08:35:38,9045,https://bilety.wislakrakow.com/Stadium/Index?eventId=9045,22564,,[],True,sold from homepage
2025-08-28 08:55:15,9045,https://bilety.wislakrakow.com/Stadium/Index?eventId=9045,22575,,[],True,sold from homepage
2025-08-28 09:21:40,9045,https://bilety.wislakrakow.com/Stadium/Index?eventId=9045,22581,,[],True,sold from homepage
2025-08-28 09:40:08,9045,https://bilety.wislakrakow.com/Stadium/Index?eventId=9045,22608,,[],True,sold from homepage
2025-08-28 09:52:46,9045,https://bilety.wislakrakow.com/Stadium/Index?eventId=9045,22629,,[],True,sold from homepage
2025-08-28 10:30:11,9045,https://bilety.wislakrakow.com/Stadium/Index?eventId=9045,22668,,[],True,sold from homepage
2025-08-28 10:50:19,9045,https://bilety.wislakrakow.com/Stadium/Index?eventId=9045,22700,,[],True,sold from homepage
2025-08-28 11:00:18,9045,https://bilety.wislakrakow.com/Stadium/Index?eventId=9045,22779,,[],True,sold from homepage
2025-08-28 11:29:30,9045,https://bilety.wislakrakow.com/Stadium/Index?eventId=9045,22823,,[],True,sold from homepage
2025-08-28 11:45:13,9045,https://bilety.wislakrakow.com/Stadium/Index?eventId=9045,22839,,[],True,sold from homepage
2025-08-28 11:57:29,9045,https://bilety.wislakrakow.com/Stadium/Index?eventId=9045,22868,,[],True,sold from homepage
2025-08-28 12:25:53,9045,https://bilety.wislakrakow.com/Stadium/Index?eventId=9045,22892,,[],True,sold from homepage
2025-08-28 12:48:00,9045,https://bilety.wislakrakow.com/Stadium/Index?eventId=9045,22968,,[],True,sold from homepage
2025-08-28 12:57:21,9045,https://bilety.wislakrakow.com/Stadium/Index?eventId=9045,22973,,[],True,sold from homepage
2025-08-28 13:18:52,9045,https://bilety.wislakrakow.com/Stadium/Index?eventId=9045,23006,,[],True,sold from homepage
2025-08-28 13:30:48,9045,https://bilety.wislakrakow.com/Stadium/Index?eventId=9045,23028,,[],True,sold from homepage
2025-08-28 13:43:26,9045,https://bilety.wislakrakow.com/Stadium/Index?eventId=9045,23038,,[],True,sold from homepage
2025-08-28 13:57:36,9045,https://bilety.wislakrakow.com/Stadium/Index?eventId=9045,23063,,[],True,sold from homepage
2025-08-28 14:48:56,9045,https://bilety.wislakrakow.com/Stadium/Index?eventId=9045,23180,,[],True,sold from homepage
2025-08-28 15:22:25,9045,https://bilety.wislakrakow.com/Stadium/Index?eventId=9045,23256,,[],True,sold from homepage
2025-08-28 15:47:21,9045,https://bilety.wislakrakow.com/Stadium/Index?eventId=9045,23300,,[],True,sold from homepage
2025-08-28 15:57:30,9045,https://bilety.wislakrakow.com/Stadium/Index?eventId=9045,23312,,[],True,sold from homepage
2025-08-28 16:24:12,9045,https://bilety.wislakrakow.com/Stadium/Index?eventId=9045,23355,,[],True,sold from homepage
2025-08-28 16:44:21,9045,https://bilety.wislakrakow.com/Stadium/Index?eventId=9045,23408,,[],True,sold from homepage
2025-08-28 16:57:41,9045,https://bilety.wislakrakow.com/Stadium/Index?eventId=9045,23423,,[],True,sold from homepage
2025-08-28 17:25:57,9045,https://bilety.wislakrakow.com/Stadium/Index?eventId=9045,23450,,[],True,sold from homepage
2025-08-28 17:42:36,9045,https://bilety.wislakrakow.com/Stadium/Index?eventId=9045,23472,,[],True,sold from homepage
2025-08-28 17:59:43,9045,https://bilety.wislakrakow.com/Stadium/Index?eventId=9045,23496,,[],True,sold from homepage
2025-08-28 18:30:14,9045,https://bilety.wislakrakow.com/Stadium/Index?eventId=9045,23548,,[],True,sold from homepage
2025-08-28 18:50:52,9045,https://bilety.wislakrakow.com/Stadium/Index?eventId=9045,23583,,[],True,sold from homepage
2025-08-28 19:00:22,9045,https://bilety.wislakrakow.com/Stadium/Index?eventId=9045,23594,,[],True,sold from homepage
2025-08-28 19:25:37,9045,https://bilety.wislakrakow.com/Stadium/Index?eventId=9045,23623,,[],True,sold from homepage
2025-08-28 19:41:28,9045,https://bilety.wislakrakow.com/Stadium/Index?eventId=9045,23640,,[],True,sold from homepage
2025-08-28 19:52:13,9045,https://bilety.wislakrakow.com/Stadium/Index?eventId=9045,23655,,[],True,sold from homepage
2025-08-28 20:30:53,9045,https://bilety.wislakrakow.com/Stadium/Index?eventId=9045,23704,,[],True,sold from homepage
2025-08-28 20:52:14,9045,https://bilety.wislakrakow.com/Stadium/Index?eventId=9045,23718,,[],True,sold from homepage
2025-08-28 21:18:34,9045,https://bilety.wislakrakow.com/Stadium/Index?eventId=9045,23751,,[],True,sold from homepage
2025-08-28 21:28:49,9045,https://bilety.wislakrakow.com/Stadium/Index?eventId=9045,23769,,[],True,sold from homepage
2025-08-28 21:41:21,9045,https://bilety.wislakrakow.com/Stadium/Index?eventId=9045,23784,,[],True,sold from homepage
2025-08-28 21:52:02,9045,https://bilety.wislakrakow.com/Stadium/Index?eventId=9045,23796,,[],True,sold from homepage
2025-08-28 22:23:45,9045,https://bilety.wislakrakow.com/Stadium/Index?eventId=9045,23889,,[],True,sold from homepage
2025-08-28 22:41:49,9045,https://bilety.wislakrakow.com/Stadium/Index?eventId=9045,23917,,[],True,sold from homepage
2025-08-28 22:57:39,9045,https://bilety.wislakrakow.com/Stadium/Index?eventId=9045,23939,,[],True,sold from homepage
2025-08-28 23:20:49,9045,https://bilety.wislakrakow.com/Stadium/Index?eventId=9045,23953,,[],True,sold from homepage
2025-08-28 23:33:53,9045,https://bilety.wislakrakow.com/Stadium/Index?eventId=9045,23966,,[],True,sold from homepage
2025-08-28 23:49:10,9045,https://bilety.wislakrakow.com/Stadium/Index?eventId=9045,23968,,[],True,sold from homepage
2025-08-28 23:59:03,9045,https://bilety.wislakrakow.com/Stadium/Index?eventId=9045,23986,,[],True,sold from homepage
2025-08-29 00:25:21,9045,https://bilety.wislakrakow.com/Stadium/Index?eventId=9045,24000,,[],True,sold from homepage
2025-08-29 00:42:18,9045,https://bilety.wislakrakow.com/Stadium/Index?eventId=9045,24004,,[],True,sold from homepage
2025-08-29 00:56:47,9045,https://bilety.wislakrakow.com/Stadium/Index?eventId=9045,24008,,[],True,sold from homepage
2025-08-29 01:20:32,9045,https://bilety.wislakrakow.com/Stadium/Index?eventId=9045,24009,,[],True,sold from homepage
2025-08-29 01:32:58,9045,https://bilety.wislakrakow.com/Stadium/Index?eventId=9045,24009,,[],True,sold from homepage
2025-08-29 01:48:09,9045,https://bilety.wislakrakow.com/Stadium/Index?eventId=9045,24009,,[],True,sold from homepage
2025-08-29 01:59:17,9045,https://bilety.wislakrakow.com/Stadium/Index?eventId=9045,24009,,[],True,sold from homepage
2025-08-29 03:59:49,9045,https://bilety.wislakrakow.com/Stadium/Index?eventId=9045,24013,,[],True,sold from homepage
2025-08-29 05:08:21,9045,https://bilety.wislakrakow.com/Stadium/Index?eventId=9045,24013,,[],True,sold from homepage
2025-08-29 05:43:35,9045,https://bilety.wislakrakow.com/Stadium/Index?eventId=9045,24016,,[],True,sold from homepage
2025-08-29 05:56:40,9045,https://bilety.wislakrakow.com/Stadium/Index?eventId=9045,24019,,[],True,sold from homepage
2025-08-29 06:28:44,9045,https://bilety.wislakrakow.com/Stadium/Index?eventId=9045,24022,,[],True,sold from homepage
2025-08-29 06:46:17,9045,https://bilety.wislakrakow.com/Stadium/Index?eventId=9045,24026,,[],True,sold from homepage
2025-08-29 06:58:36,9045,https://bilety.wislakrakow.com/Stadium/Index?eventId=9045,24030,,[],True,sold from homepage
2025-08-29 07:23:04,9045,https://bilety.wislakrakow.com/Stadium/Index?eventId=9045,24036,,[],True,sold from homepage
2025-08-29 07:42:25,9045,https://bilety.wislakrakow.com/Stadium/Index?eventId=9045,24058,,[],True,sold from homepage
2025-08-29 07:57:18,9045,https://bilety.wislakrakow.com/Stadium/Index?eventId=9045,24070,,[],True,sold from homepage
2025-08-29 08:36:47,9045,https://bilety.wislakrakow.com/Stadium/Index?eventId=9045,24111,,[],True,sold from homepage
2025-08-29 08:53:13,9045,https://bilety.wislakrakow.com/Stadium/Index?eventId=9045,24120,,[],True,sold from homepage
2025-08-29 09:20:59,9045,https://bilety.wislakrakow.com/Stadium/Index?eventId=9045,24149,,[],True,sold from homepage
2025-08-29 09:34:13,9045,https://bilety.wislakrakow.com/Stadium/Index?eventId=9045,24177,,[],True,sold from homepage
2025-08-29 09:46:58,9045,https://bilety.wislakrakow.com/Stadium/Index?eventId=9045,24198,,[],True,sold from homepage
2025-08-29 09:58:42,9045,https://bilety.wislakrakow.com/Stadium/Index?eventId=9045,24202,,[],True,sold from homepage
2025-08-29 10:34:35,9045,https://bilety.wislakrakow.com/Stadium/Index?eventId=9045,24271,,[],True,sold from homepage
2025-08-29 10:53:13,9045,https://bilety.wislakrakow.com/Stadium/Index?eventId=9045,24312,,[],True,sold from homepage
2025-08-29 11:22:22,9045,https://bilety.wislakrakow.com/Stadium/Index?eventId=9045,24347,,[],True,sold from homepage
2025-08-29 11:42:03,9045,https://bilety.wislakrakow.com/Stadium/Index?eventId=9045,24375,,[],True,sold from homepage
2025-08-29 11:57:43,9045,https://bilety.wislakrakow.com/Stadium/Index?eventId=9045,24398,,[],True,sold from homepage
2025-08-29 12:25:39,9045,https://bilety.wislakrakow.com/Stadium/Index?eventId=9045,24422,,[],True,sold from homepage
2025-08-29 12:44:24,9045,https://bilety.wislakrakow.com/Stadium/Index?eventId=9045,24460,,[],True,sold from homepage
2025-08-29 12:58:19,9045,https://bilety.wislakrakow.com/Stadium/Index?eventId=9045,24468,,[],True,sold from homepage
2025-08-29 13:19:34,9045,https://bilety.wislakrakow.com/Stadium/Index?eventId=9045,24480,,[],True,sold from homepage
2025-08-29 13:30:48,9045,https://bilety.wislakrakow.com/Stadium/Index?eventId=9045,24492,,[],True,sold from homepage
2025-08-29 13:42:28,9045,https://bilety.wislakrakow.com/Stadium/Index?eventId=9045,24503,,[],True,sold from homepage
2025-08-29 13:57:33,9045,https://bilety.wislakrakow.com/Stadium/Index?eventId=9045,24530,,[],True,sold from homepage
2025-08-29 14:48:12,9045,https://bilety.wislakrakow.com/Stadium/Index?eventId=9045,24569,,[],True,sold from homepage
2025-08-29 15:19:30,9045,https://bilety.wislakrakow.com/Stadium/Index?eventId=9045,24600,,[],True,sold from homepage
2025-08-29 15:41:15,9045,https://bilety.wislakrakow.com/Stadium/Index?eventId=9045,24609,,[],True,sold from homepage
2025-08-29 15:56:52,9045,https://bilety.wislakrakow.com/Stadium/Index?eventId=9045,24630,,[],True,sold from homepage
2025-08-29 16:23:18,9045,https://bilety.wislakrakow.com/Stadium/Index?eventId=9045,24663,,[],True,sold from homepage
2025-08-29 16:42:43,9045,https://bilety.wislakrakow.com/Stadium/Index?eventId=9045,24683,,[],True,sold from homepage
2025-08-29 16:57:48,9045,https://bilety.wislakrakow.com/Stadium/Index?eventId=9045,24701,,[],True,sold from homepage
2025-08-29 17:21:07,9045,https://bilety.wislakrakow.com/Stadium/Index?eventId=9045,24720,,[],True,sold from homepage
2025-08-29 17:44:47,9045,https://bilety.wislakrakow.com/Stadium/Index?eventId=9045,24747,,[],True,sold from homepage
2025-08-29 17:51:52,9045,https://bilety.wislakrakow.com/Stadium/Index?eventId=9045,24758,,[],True,sold from homepage
2025-08-29 18:26:08,9045,https://bilety.wislakrakow.com/Stadium/Index?eventId=9045,24793,,[],True,sold from homepage
2025-08-29 18:47:53,9045,https://bilety.wislakrakow.com/Stadium/Index?eventId=9045,24808,,[],True,sold from homepage
2025-08-29 18:58:43,9045,https://bilety.wislakrakow.com/Stadium/Index?eventId=9045,24814,,[],True,sold from homepage
2025-08-29 19:23:36,9045,https://bilety.wislakrakow.com/Stadium/Index?eventId=9045,24833,,[],True,sold from homepage
2025-08-29 19:42:11,9045,https://bilety.wislakrakow.com/Stadium/Index?eventId=9045,24848,,[],True,sold from homepage
2025-08-29 19:51:13,9045,https://bilety.wislakrakow.com/Stadium/Index?eventId=9045,24857,,[],True,sold from homepage
2025-08-29 20:28:37,9045,https://bilety.wislakrakow.com/Stadium/Index?eventId=9045,24891,,[],True,sold from homepage
2025-08-29 20:48:17,9045,https://bilety.wislakrakow.com/Stadium/Index?eventId=9045,24912,,[],True,sold from homepage
2025-08-29 20:59:49,9045,https://bilety.wislakrakow.com/Stadium/Index?eventId=9045,24917,,[],True,sold from homepage
2025-08-29 21:19:47,9045,https://bilety.wislakrakow.com/Stadium/Index?eventId=9045,24921,,[],True,sold from homepage
2025-08-29 21:30:58,9045,https://bilety.wislakrakow.com/Stadium/Index?eventId=9045,24927,,[],True,sold from homepage
2025-08-29 21:42:50,9045,https://bilety.wislakrakow.com/Stadium/Index?eventId=9045,24932,,[],True,sold from homepage
2025-08-29 21:58:01,9045,https://bilety.wislakrakow.com/Stadium/Index?eventId=9045,24934,,[],True,sold from homepage
2025-08-29 22:25:22,9045,https://bilety.wislakrakow.com/Stadium/Index?eventId=9045,24947,,[],True,sold from homepage
2025-08-29 22:41:48,9045,https://bilety.wislakrakow.com/Stadium/Index?eventId=9045,24955,,[],True,sold from homepage
2025-08-29 22:52:47,9045,https://bilety.wislakrakow.com/Stadium/Index?eventId=9045,24961,,[],True,sold from homepage
2025-08-29 23:19:10,9045,https://bilety.wislakrakow.com/Stadium/Index?eventId=9045,24964,,[],True,sold from homepage
2025-08-29 23:31:45,9045,https://bilety.wislakrakow.com/Stadium/Index?eventId=9045,24964,,[],True,sold from homepage
2025-08-29 23:47:51,9045,https://bilety.wislakrakow.com/Stadium/Index?eventId=9045,24967,,[],True,sold from homepage
2025-08-29 23:59:15,9045,https://bilety.wislakrakow.com/Stadium/Index?eventId=9045,24967,,[],True,sold from homepage
2025-08-30 00:24:35,9045,https://bilety.wislakrakow.com/Stadium/Index?eventId=9045,24967,,[],True,sold from homepage
2025-08-30 00:42:13,9045,https://bilety.wislakrakow.com/Stadium/Index?eventId=9045,24967,,[],True,sold from homepage
2025-08-30 00:51:25,9045,https://bilety.wislakrakow.com/Stadium/Index?eventId=9045,24967,,[],True,sold from homepage
2025-08-30 01:20:02,9045,https://bilety.wislakrakow.com/Stadium/Index?eventId=9045,24967,,[],True,sold from homepage
2025-08-30 01:32:29,9045,https://bilety.wislakrakow.com/Stadium/Index?eventId=9045,24974,,[],True,sold from homepage
2025-08-30 01:48:06,9045,https://bilety.wislakrakow.com/Stadium/Index?eventId=9045,24974,,[],True,sold from homepage
2025-08-30 01:58:39,9045,https://bilety.wislakrakow.com/Stadium/Index?eventId=9045,24974,,[],True,sold from homepage
2025-08-30 03:50:50,9045,https://bilety.wislakrakow.com/Stadium/Index?eventId=9045,24978,,[],True,sold from homepage
2025-08-30 04:50:21,9045,https://bilety.wislakrakow.com/Stadium/Index?eventId=9045,24980,,[],True,sold from homepage
2025-08-30 05:22:04,9045,https://bilety.wislakrakow.com/Stadium/Index?eventId=9045,24980,,[],True,sold from homepage
2025-08-30 05:46:46,9045,https://bilety.wislakrakow.com/Stadium/Index?eventId=9045,24980,,[],True,sold from homepage
2025-08-30 05:58:08,9045,https://bilety.wislakrakow.com/Stadium/Index?eventId=9045,24980,,[],True,sold from homepage
2025-08-30 06:29:43,9045,https://bilety.wislakrakow.com/Stadium/Index?eventId=9045,24981,,[],True,sold from homepage
2025-08-30 06:44:26,9045,https://bilety.wislakrakow.com/Stadium/Index?eventId=9045,24984,,[],True,sold from homepage
2025-08-30 06:57:52,9045,https://bilety.wislakrakow.com/Stadium/Index?eventId=9045,24984,,[],True,sold from homepage
2025-08-30 07:21:46,9045,https://bilety.wislakrakow.com/Stadium/Index?eventId=9045,24984,,[],True,sold from homepage
2025-08-30 07:41:32,9045,https://bilety.wislakrakow.com/Stadium/Index?eventId=9045,24985,,[],True,sold from homepage
2025-08-30 07:53:56,9045,https://bilety.wislakrakow.com/Stadium/Index?eventId=9045,24986,,[],True,sold from homepage
2025-08-30 08:28:56,9045,https://bilety.wislakrakow.com/Stadium/Index?eventId=9045,24999,,[],True,sold from homepage
2025-08-30 08:47:28,9045,https://bilety.wislakrakow.com/Stadium/Index?eventId=9045,25004,,[],True,sold from homepage
2025-08-30 08:58:53,9045,https://bilety.wislakrakow.com/Stadium/Index?eventId=9045,25008,,[],True,sold from homepage
2025-08-30 09:20:59,9045,https://bilety.wislakrakow.com/Stadium/Index?eventId=9045,25016,,[],True,sold from homepage
2025-08-30 09:39:26,9045,https://bilety.wislakrakow.com/Stadium/Index?eventId=9045,25017,,[],True,sold from homepage
2025-08-30 09:49:25,9045,https://bilety.wislakrakow.com/Stadium/Index?eventId=9045,25019,,[],True,sold from homepage
2025-08-30 10:01:13,9045,https://bilety.wislakrakow.com/Stadium/Index?eventId=9045,25021,,[],True,sold from homepage
2025-08-30 10:31:09,9045,https://bilety.wislakrakow.com/Stadium/Index?eventId=9045,25039,,[],True,sold from homepage
2025-08-30 10:49:26,9045,https://bilety.wislakrakow.com/Stadium/Index?eventId=9045,25046,,[],True,sold from homepage
2025-08-30 11:00:34,9045,https://bilety.wislakrakow.com/Stadium/Index?eventId=9045,25049,,[],True,sold from homepage
2025-08-30 11:24:45,9045,https://bilety.wislakrakow.com/Stadium/Index?eventId=9045,25062,,[],True,sold from homepage
2025-08-30 11:39:15,9045,https://bilety.wislakrakow.com/Stadium/Index?eventId=9045,25064,,[],True,sold from homepage
2025-08-30 11:50:35,9045,https://bilety.wislakrakow.com/Stadium/Index?eventId=9045,25067,,[],True,sold from homepage
2025-08-30 12:01:43,9045,https://bilety.wislakrakow.com/Stadium/Index?eventId=9045,25072,,[],True,sold from homepage
2025-08-30 12:30:43,9045,https://bilety.wislakrakow.com/Stadium/Index?eventId=9045,25088,,[],True,sold from homepage
2025-08-30 12:43:53,9045,https://bilety.wislakrakow.com/Stadium/Index?eventId=9045,25106,,[],True,sold from homepage
2025-08-30 12:58:01,9045,https://bilety.wislakrakow.com/Stadium/Index?eventId=9045,25113,,[],True,sold from homepage
2025-08-30 13:17:45,9045,https://bilety.wislakrakow.com/Stadium/Index?eventId=9045,25120,,[],True,sold from homepage
2025-08-30 13:28:36,9045,https://bilety.wislakrakow.com/Stadium/Index?eventId=9045,25124,,[],True,sold from homepage
2025-08-30 13:40:45,9045,https://bilety.wislakrakow.com/Stadium/Index?eventId=9045,25138,,[],True,sold from homepage
2025-08-30 13:52:55,9045,https://bilety.wislakrakow.com/Stadium/Index?eventId=9045,25145,,[],True,sold from homepage
2025-08-30 14:38:33,9045,https://bilety.wislakrakow.com/Stadium/Index?eventId=9045,25154,,[],True,sold from homepage
2025-08-30 15:03:44,9045,https://bilety.wislakrakow.com/Stadium/Index?eventId=9045,25167,,[],True,sold from homepage
2025-08-30 15:33:33,9045,https://bilety.wislakrakow.com/Stadium/Index?eventId=9045,25186,,[],True,sold from homepage
2025-08-30 15:42:32,9045,https://bilety.wislakrakow.com/Stadium/Index?eventId=9045,25188,,[],True,sold from homepage
2025-08-30 15:57:48,9045,https://bilety.wislakrakow.com/Stadium/Index?eventId=9045,25195,,[],True,sold from homepage
2025-08-30 16:23:43,9045,https://bilety.wislakrakow.com/Stadium/Index?eventId=9045,25202,,[],True,sold from homepage
2025-08-30 16:34:43,9045,https://bilety.wislakrakow.com/Stadium/Index?eventId=9045,25202,,[],True,sold from homepage
2025-08-30 16:47:51,9045,https://bilety.wislakrakow.com/Stadium/Index?eventId=9045,25202,,[],True,sold from homepage
2025-08-30 16:59:01,9045,https://bilety.wislakrakow.com/Stadium/Index?eventId=9045,25207,,[],True,sold from homepage
2025-08-30 17:24:26,9045,https://bilety.wislakrakow.com/Stadium/Index?eventId=9045,25227,,[],True,sold from homepage
2025-08-30 17:38:32,9045,https://bilety.wislakrakow.com/Stadium/Index?eventId=9045,25236,,[],True,sold from homepage
2025-08-30 17:49:49,9045,https://bilety.wislakrakow.com/Stadium/Index?eventId=9045,25250,,[],True,sold from homepage
2025-08-30 18:01:26,9045,https://bilety.wislakrakow.com/Stadium/Index?eventId=9045,25259,,[],True,sold from homepage
2025-08-30 18:32:02,9045,https://bilety.wislakrakow.com/Stadium/Index?eventId=9045,25268,,[],True,sold from homepage
2025-08-30 18:46:36,9045,https://bilety.wislakrakow.com/Stadium/Index?eventId=9045,25271,,[],True,sold from homepage
2025-08-30 18:58:15,9045,https://bilety.wislakrakow.com/Stadium/Index?eventId=9045,25271,,[],True,sold from homepage
2025-08-30 19:17:57,9045,https://bilety.wislakrakow.com/Stadium/Index?eventId=9045,25273,,[],True,sold from homepage
2025-08-30 19:32:47,9045,https://bilety.wislakrakow.com/Stadium/Index?eventId=9045,25273,,[],True,sold from homepage
2025-08-30 19:47:13,9045,https://bilety.wislakrakow.com/Stadium/Index?eventId=9045,25276,,[],True,sold from homepage
2025-08-30 19:59:13,9045,https://bilety.wislakrakow.com/Stadium/Index?eventId=9045,25294,,[],True,sold from homepage
2025-08-30 20:33:57,9045,https://bilety.wislakrakow.com/Stadium/Index?eventId=9045,25300,,[],True,sold from homepage
2025-08-30 20:50:35,9045,https://bilety.wislakrakow.com/Stadium/Index?eventId=9045,25310,,[],True,sold from homepage
2025-08-30 21:02:21,9045,https://bilety.wislakrakow.com/Stadium/Index?eventId=9045,25312,,[],True,sold from homepage
2025-08-30 21:21:32,9045,https://bilety.wislakrakow.com/Stadium/Index?eventId=9045,25317,,[],True,sold from homepage
2025-08-30 21:39:02,9045,https://bilety.wislakrakow.com/Stadium/Index?eventId=9045,25321,,[],True,sold from homepage
2025-08-30 21:51:08,9045,https://bilety.wislakrakow.com/Stadium/Index?eventId=9045,25323,,[],True,sold from homepage
2025-08-30 22:02:03,9045,https://bilety.wislakrakow.com/Stadium/Index?eventId=9045,25324,,[],True,sold from homepage
2025-08-30 22:26:48,9045,https://bilety.wislakrakow.com/Stadium/Index?eventId=9045,25329,,[],True,sold from homepage
2025-08-30 22:40:33,9045,https://bilety.wislakrakow.com/Stadium/Index?eventId=9045,25330,,[],True,sold from homepage
2025-08-30 22:51:46,9045,https://bilety.wislakrakow.com/Stadium/Index?eventId=9045,25332,,[],True,sold from homepage
2025-08-30 23:17:12,9045,https://bilety.wislakrakow.com/Stadium/Index?eventId=9045,25332,,[],True,sold from homepage
2025-08-30 23:31:01,9045,https://bilety.wislakrakow.com/Stadium/Index?eventId=9045,25338,,[],True,sold from homepage
2025-08-30 23:41:10,9045,https://bilety.wislakrakow.com/Stadium/Index?eventId=9045,25343,,[],True,sold from homepage
2025-08-30 23:56:46,9045,https://bilety.wislakrakow.com/Stadium/Index?eventId=9045,25343,,[],True,sold from homepage
2025-08-31 00:20:50,9045,https://bilety.wislakrakow.com/Stadium/Index?eventId=9045,25344,,[],True,sold from homepage
2025-08-31 00:35:17,9045,https://bilety.wislakrakow.com/Stadium/Index?eventId=9045,25346,,[],True,sold from homepage
2025-08-31 00:48:18,9045,https://bilety.wislakrakow.com/Stadium/Index?eventId=9045,25346,,[],True,sold from homepage
2025-08-31 00:59:06,9045,https://bilety.wislakrakow.com/Stadium/Index?eventId=9045,25346,,[],True,sold from homepage
2025-08-31 01:23:53,9045,https://bilety.wislakrakow.com/Stadium/Index?eventId=9045,25346,,[],True,sold from homepage
2025-08-31 01:38:23,9045,https://bilety.wislakrakow.com/Stadium/Index?eventId=9045,25348,,[],True,sold from homepage
2025-08-31 01:49:31,9045,https://bilety.wislakrakow.com/Stadium/Index?eventId=9045,25348,,[],True,sold from homepage
2025-08-31 02:01:18,9045,https://bilety.wislakrakow.com/Stadium/Index?eventId=9045,25348,,[],True,sold from homepage
2025-08-31 04:06:55,9045,https://bilety.wislakrakow.com/Stadium/Index?eventId=9045,25348,,[],True,sold from homepage
2025-08-31 05:14:32,9045,https://bilety.wislakrakow.com/Stadium/Index?eventId=9045,25348,,[],True,sold from homepage
2025-08-31 05:47:13,9045,https://bilety.wislakrakow.com/Stadium/Index?eventId=9045,25348,,[],True,sold from homepage
2025-08-31 05:58:44,9045,https://bilety.wislakrakow.com/Stadium/Index?eventId=9045,25348,,[],True,sold from homepage
2025-08-31 06:29:21,9045,https://bilety.wislakrakow.com/Stadium/Index?eventId=9045,25349,,[],True,sold from homepage
2025-08-31 06:44:53,9045,https://bilety.wislakrakow.com/Stadium/Index?eventId=9045,25349,,[],True,sold from homepage
2025-08-31 06:56:49,9045,https://bilety.wislakrakow.com/Stadium/Index?eventId=9045,25349,,[],True,sold from homepage
2025-08-31 07:21:43,9045,https://bilety.wislakrakow.com/Stadium/Index?eventId=9045,25352,,[],True,sold from homepage
2025-08-31 07:41:22,9045,https://bilety.wislakrakow.com/Stadium/Index?eventId=9045,25352,,[],True,sold from homepage
2025-08-31 07:52:23,9045,https://bilety.wislakrakow.com/Stadium/Index?eventId=9045,25352,,[],True,sold from homepage
2025-08-31 08:30:09,9045,https://bilety.wislakrakow.com/Stadium/Index?eventId=9045,25352,,[],True,sold from homepage
2025-08-31 08:48:13,9045,https://bilety.wislakrakow.com/Stadium/Index?eventId=9045,25352,,[],True,sold from homepage
2025-08-31 08:59:50,9045,https://bilety.wislakrakow.com/Stadium/Index?eventId=9045,25355,,[],True,sold from homepage
2025-08-31 09:23:13,9045,https://bilety.wislakrakow.com/Stadium/Index?eventId=9045,25358,,[],True,sold from homepage
2025-08-31 09:37:55,9045,https://bilety.wislakrakow.com/Stadium/Index?eventId=9045,25360,,[],True,sold from homepage
2025-08-31 09:50:32,9045,https://bilety.wislakrakow.com/Stadium/Index?eventId=9045,25362,,[],True,sold from homepage
2025-08-31 10:01:58,9045,https://bilety.wislakrakow.com/Stadium/Index?eventId=9045,25362,,[],True,sold from homepage
2025-08-31 10:31:10,9045,https://bilety.wislakrakow.com/Stadium/Index?eventId=9045,25368,,[],True,sold from homepage
2025-08-31 10:48:48,9045,https://bilety.wislakrakow.com/Stadium/Index?eventId=9045,25368,,[],True,sold from homepage
2025-08-31 11:00:18,9045,https://bilety.wislakrakow.com/Stadium/Index?eventId=9045,25373,,[],True,sold from homepage
2025-08-31 11:24:55,9045,https://bilety.wislakrakow.com/Stadium/Index?eventId=9045,25384,,[],True,sold from homepage
2025-08-31 11:39:18,9045,https://bilety.wislakrakow.com/Stadium/Index?eventId=9045,25387,,[],True,sold from homepage
2025-08-31 11:49:28,9045,https://bilety.wislakrakow.com/Stadium/Index?eventId=9045,25387,,[],True,sold from homepage
2025-08-31 12:01:20,9045,https://bilety.wislakrakow.com/Stadium/Index?eventId=9045,25393,,[],True,sold from homepage
2025-08-31 12:27:25,9045,https://bilety.wislakrakow.com/Stadium/Index?eventId=9045,25400,,[],True,sold from homepage
2025-08-31 12:42:32,9045,https://bilety.wislakrakow.com/Stadium/Index?eventId=9045,25407,,[],True,sold from homepage
2025-08-31 12:57:33,9045,https://bilety.wislakrakow.com/Stadium/Index?eventId=9045,25415,,[],True,sold from homepage
2025-08-31 13:17:57,9045,https://bilety.wislakrakow.com/Stadium/Index?eventId=9045,25426,,[],True,sold from homepage
2025-08-31 13:28:23,9045,https://bilety.wislakrakow.com/Stadium/Index?eventId=9045,25431,,[],True,sold from homepage
2025-08-31 13:41:24,9045,https://bilety.wislakrakow.com/Stadium/Index?eventId=9045,25434,,[],True,sold from homepage
2025-08-31 13:52:08,9045,https://bilety.wislakrakow.com/Stadium/Index?eventId=9045,25445,,[],True,sold from homepage
2025-08-31 14:38:34,9045,https://bilety.wislakrakow.com/Stadium/Index?eventId=9045,25466,,[],True,sold from homepage
2025-08-31 15:05:29,9045,https://bilety.wislakrakow.com/Stadium/Index?eventId=9045,25478,,[],True,sold from homepage
2025-08-31 15:31:16,9045,https://bilety.wislakrakow.com/Stadium/Index?eventId=9045,25491,,[],True,sold from homepage
2025-08-31 15:47:41,9045,https://bilety.wislakrakow.com/Stadium/Index?eventId=9045,25495,,[],True,sold from homepage
2025-08-31 15:58:19,9045,https://bilety.wislakrakow.com/Stadium/Index?eventId=9045,25499,,[],True,sold from homepage
2025-08-31 16:21:39,9045,https://bilety.wislakrakow.com/Stadium/Index?eventId=9045,25503,,[],True,sold from homepage
2025-08-31 16:40:13,9045,https://bilety.wislakrakow.com/Stadium/Index?eventId=9045,25503,,[],True,sold from homepage
2025-08-31 16:50:51,9045,https://bilety.wislakrakow.com/Stadium/Index?eventId=9045,25505,,[],True,sold from homepage
2025-08-31 17:10:00,9045,https://bilety.wislakrakow.com/Stadium/Index?eventId=9045,25507,,[],True,sold from homepage
2025-08-31 17:29:20,9045,https://bilety.wislakrakow.com/Stadium/Index?eventId=9045,25511,,[],True,sold from homepage
2025-08-31 17:42:32,9045,https://bilety.wislakrakow.com/Stadium/Index?eventId=9045,25511,,[],True,sold from homepage
2025-08-31 17:57:23,9045,https://bilety.wislakrakow.com/Stadium/Index?eventId=9045,25511,,[],True,sold from homepage
2025-08-31 18:25:37,9045,https://bilety.wislakrakow.com/Stadium/Index?eventId=9045,25520,,[],True,sold from homepage
2025-08-31 18:44:22,9045,https://bilety.wislakrakow.com/Stadium/Index?eventId=9045,25532,,[],True,sold from homepage
2025-08-31 18:57:25,9045,https://bilety.wislakrakow.com/Stadium/Index?eventId=9045,25542,,[],True,sold from homepage
2025-08-31 19:19:23,9045,https://bilety.wislakrakow.com/Stadium/Index?eventId=9045,25549,,[],True,sold from homepage
2025-08-31 19:33:15,9045,https://bilety.wislakrakow.com/Stadium/Index?eventId=9045,25550,,[],True,sold from homepage
2025-08-31 19:47:32,9045,https://bilety.wislakrakow.com/Stadium/Index?eventId=9045,25554,,[],True,sold from homepage
2025-08-31 19:58:40,9045,https://bilety.wislakrakow.com/Stadium/Index?eventId=9045,25556,,[],True,sold from homepage
2025-08-31 20:32:53,9045,https://bilety.wislakrakow.com/Stadium/Index?eventId=9045,25558,,[],True,sold from homepage
2025-08-31 20:50:21,9045,https://bilety.wislakrakow.com/Stadium/Index?eventId=9045,25560,,[],True,sold from homepage
2025-08-31 21:03:01,9045,https://bilety.wislakrakow.com/Stadium/Index?eventId=9045,25573,,[],True,sold from homepage
2025-08-31 21:23:35,9045,https://bilety.wislakrakow.com/Stadium/Index?eventId=9045,25583,,[],True,sold from homepage
2025-08-31 21:38:20,9045,https://bilety.wislakrakow.com/Stadium/Index?eventId=9045,25606,,[],True,sold from homepage
2025-08-31 21:51:06,9045,https://bilety.wislakrakow.com/Stadium/Index?eventId=9045,25606,,[],True,sold from homepage
2025-08-31 22:01:57,9045,https://bilety.wislakrakow.com/Stadium/Index?eventId=9045,25606,,[],True,sold from homepage
2025-08-31 22:29:13,9045,https://bilety.wislakrakow.com/Stadium/Index?eventId=9045,25617,,[],True,sold from homepage
2025-08-31 22:43:19,9045,https://bilety.wislakrakow.com/Stadium/Index?eventId=9045,25617,,[],True,sold from homepage
2025-08-31 22:56:53,9045,https://bilety.wislakrakow.com/Stadium/Index?eventId=9045,25617,,[],True,sold from homepage
2025-08-31 23:19:52,9045,https://bilety.wislakrakow.com/Stadium/Index?eventId=9045,25617,,[],True,sold from homepage
2025-08-31 23:31:48,9045,https://bilety.wislakrakow.com/Stadium/Index?eventId=9045,25617,,[],True,sold from homepage
2025-08-31 23:48:07,9045,https://bilety.wislakrakow.com/Stadium/Index?eventId=9045,25617,,[],True,sold from homepage
2025-08-31 23:59:42,9045,https://bilety.wislakrakow.com/Stadium/Index?eventId=9045,25617,,[],True,sold from homepage
2025-09-01 00:25:47,9045,https://bilety.wislakrakow.com/Stadium/Index?eventId=9045,25619,,[],True,sold from homepage
2025-09-01 00:41:04,9045,https://bilety.wislakrakow.com/Stadium/Index?eventId=9045,25619,,[],True,sold from homepage
2025-09-01 00:52:08,9045,https://bilety.wislakrakow.com/Stadium/Index?eventId=9045,25619,,[],True,sold from homepage
2025-09-01 01:19:22,9045,https://bilety.wislakrakow.com/Stadium/Index?eventId=9045,25619,,[],True,sold from homepage
2025-09-01 01:31:16,9045,https://bilety.wislakrakow.com/Stadium/Index?eventId=9045,25619,,[],True,sold from homepage
2025-09-01 01:47:49,9045,https://bilety.wislakrakow.com/Stadium/Index?eventId=9045,25619,,[],True,sold from homepage
2025-09-01 01:59:48,9045,https://bilety.wislakrakow.com/Stadium/Index?eventId=9045,25619,,[],True,sold from homepage
2025-09-01 04:23:03,9045,https://bilety.wislakrakow.com/Stadium/Index?eventId=9045,25619,,[],True,sold from homepage
2025-09-01 05:39:46,9045,https://bilety.wislakrakow.com/Stadium/Index?eventId=9045,25619,,[],True,sold from homepage
2025-09-01 06:16:27,9045,https://bilety.wislakrakow.com/Stadium/Index?eventId=9045,25622,,[],True,sold from homepage
2025-09-01 06:43:55,9045,https://bilety.wislakrakow.com/Stadium/Index?eventId=9045,25622,,[],True,sold from homepage
2025-09-01 06:57:38,9045,https://bilety.wislakrakow.com/Stadium/Index?eventId=9045,25622,,[],True,sold from homepage
2025-09-01 07:27:53,9045,https://bilety.wislakrakow.com/Stadium/Index?eventId=9045,25622,,[],True,sold from homepage
2025-09-01 07:44:48,9045,https://bilety.wislakrakow.com/Stadium/Index?eventId=9045,25628,,[],True,sold from homepage
2025-09-01 07:57:38,9045,https://bilety.wislakrakow.com/Stadium/Index?eventId=9045,25628,,[],True,sold from homepage
2025-09-01 08:39:57,9045,https://bilety.wislakrakow.com/Stadium/Index?eventId=9045,25636,,[],True,sold from homepage
2025-09-01 08:58:34,9045,https://bilety.wislakrakow.com/Stadium/Index?eventId=9045,25636,,[],True,sold from homepage
2025-09-01 09:26:41,9045,https://bilety.wislakrakow.com/Stadium/Index?eventId=9045,25640,,[],True,sold from homepage
2025-09-01 09:41:28,9045,https://bilety.wislakrakow.com/Stadium/Index?eventId=9045,25640,,[],True,sold from homepage
2025-09-01 09:52:34,9045,https://bilety.wislakrakow.com/Stadium/Index?eventId=9045,25640,,[],True,sold from homepage
